sequence_id,n_legs,trend,shape,efficiency_ratio,start_idx,end_idx
S0_2,2,descending,converging,0.303,7,32
S1_2,2,descending,diverging,0.4445,30,38
S2_2,2,descending,converging,0.968,32,59
S3_2,2,descending,diverging,2.6118,38,63
S4_2,2,ascending,diverging,0.7117,59,73
S5_2,2,ascending,converging,0.2507,63,79
S6_2,2,descending,converging,0.4555,73,82
S7_2,2,descending,diverging,0.8871,79,104
S8_2,2,ascending,diverging,0.3306,82,125
S9_2,2,ascending,converging,0.2116,104,147
S10_2,2,ascending,diverging,0.3292,125,167
S11_2,2,ascending,converging,0.4078,147,172
S12_2,2,ascending,diverging,0.6775,167,180
S13_2,2,ascending,converging,0.2088,172,199
S14_2,2,descending,converging,0.1352,180,203
S15_2,2,ascending,diverging,1.6429,199,219
S16_2,2,ascending,converging,1.3999,203,220
S17_2,2,descending,diverging,0.1624,219,228
S18_2,2,descending,converging,0.3046,220,235
S19_2,2,descending,diverging,0.0282,228,247
S20_2,2,ascending,diverging,0.4521,235,253
S21_2,2,descending,diverging,0.1841,247,268
S22_2,2,descending,converging,0.3233,253,284
S23_2,2,ascending,converging,0.4125,268,292
S24_2,2,ascending,diverging,1.3684,284,323
S25_2,2,ascending,converging,0.3616,292,333
S26_2,2,ascending,diverging,0.8201,323,335
S27_2,2,descending,diverging,1.3742,333,348
S28_2,2,descending,converging,0.2556,335,353
S29_2,2,ascending,converging,0.2311,348,359
S30_2,2,ascending,diverging,1.6905,353,378
S31_2,2,ascending,converging,0.212,359,384
S32_2,2,descending,converging,0.0731,378,399
S33_2,2,ascending,converging,0.1823,384,412
S34_2,2,ascending,diverging,0.8362,399,428
S35_2,2,ascending,converging,0.2621,412,431
S36_2,2,descending,converging,0.1754,428,436
S37_2,2,descending,diverging,0.7944,431,459
S38_2,2,descending,converging,0.3089,436,467
S39_2,2,descending,diverging,0.3714,459,472
S40_2,2,ascending,diverging,0.2954,467,480
S41_2,2,ascending,converging,0.1674,472,487
S0_3,3,descending,converging,0.3799,7,38
S1_3,3,descending,converging,0.1193,30,59
S2_3,3,descending,converging,1.1402,32,63
S3_3,3,ascending,diverging,2.4257,38,73
S4_3,3,descending,diverging,0.0281,59,79
S5_3,3,ascending,converging,0.3749,63,82
S6_3,3,descending,diverging,0.93,73,104
S7_3,3,ascending,diverging,1.1209,79,125
S8_3,3,descending,converging,0.1684,82,147
S9_3,3,ascending,diverging,0.5535,104,167
S10_3,3,descending,converging,0.0803,125,172
S11_3,3,ascending,converging,0.6385,147,180
S12_3,3,descending,diverging,0.1059,167,199
S13_3,3,ascending,converging,0.3735,172,203
S14_3,3,ascending,converging,0.3625,180,219
S15_3,3,ascending,converging,1.7293,199,220
S16_3,3,ascending,converging,0.4398,203,228
S17_3,3,ascending,converging,0.4433,219,235
S18_3,3,descending,converging,0.6954,220,247
S19_3,3,ascending,diverging,0.9733,228,253
S20_3,3,descending,diverging,0.6306,235,268
S21_3,3,ascending,converging,0.2892,247,284
S22_3,3,descending,converging,0.5268,253,292
S23_3,3,ascending,diverging,1.1818,268,323
S24_3,3,ascending,converging,1.0952,284,333
S25_3,3,ascending,converging,0.3698,292,335
S26_3,3,descending,diverging,2.365,323,348
S27_3,3,descending,diverging,0.1828,333,353
S28_3,3,descending,converging,0.3865,335,359
S29_3,3,ascending,diverging,1.3122,348,378
S30_3,3,ascending,diverging,0.3736,353,384
S31_3,3,ascending,converging,0.3343,359,399
S32_3,3,descending,converging,0.4104,378,412
S33_3,3,ascending,diverging,0.9333,384,428
S34_3,3,ascending,diverging,0.2239,399,431
S35_3,3,ascending,converging,0.3458,412,436
S36_3,3,descending,diverging,0.9706,428,459
S37_3,3,descending,diverging,0.2767,431,467
S38_3,3,descending,converging,0.3989,436,472
S39_3,3,ascending,diverging,0.6458,459,480
S40_3,3,descending,converging,0.2196,467,487
S0_4,4,descending,converging,0.3245,7,59
S1_4,4,descending,diverging,0.6431,30,63
S2_4,4,ascending,diverging,0.0373,32,73
S3_4,4,ascending,diverging,0.3188,38,79
S4_4,4,ascending,converging,0.2507,59,82
S5_4,4,ascending,converging,0.0348,63,104
S6_4,4,ascending,diverging,0.1292,73,125
S7_4,4,ascending,diverging,0.0298,79,147
S8_4,4,ascending,diverging,0.3113,82,167
S9_4,4,ascending,converging,0.3101,104,172
S10_4,4,ascending,diverging,0.4147,125,180
S11_4,4,ascending,converging,0.2999,147,199
S12_4,4,ascending,diverging,0.2673,167,203
S13_4,4,ascending,converging,0.5112,172,219
S14_4,4,ascending,converging,0.5861,180,220
S15_4,4,ascending,diverging,0.7998,199,228
S16_4,4,ascending,converging,0.6325,203,235
S17_4,4,descending,diverging,0.0983,219,247
S18_4,4,ascending,diverging,0.069,220,253
S19_4,4,descending,diverging,0.1831,228,268
S20_4,4,descending,diverging,0.0377,235,284
S21_4,4,ascending,converging,0.0193,247,292
S22_4,4,ascending,diverging,0.3463,253,323
S23_4,4,ascending,converging,1.0053,268,333
S24_4,4,ascending,converging,1.197,284,335
S25_4,4,ascending,converging,0.1477,292,348
S26_4,4,descending,diverging,0.6706,323,353
S27_4,4,descending,diverging,0.6341,333,359
S28_4,4,ascending,diverging,0.2668,335,378
S29_4,4,ascending,diverging,0.4895,348,384
S30_4,4,ascending,diverging,0.8765,353,399
S31_4,4,ascending,converging,0.1661,359,412
S32_4,4,ascending,diverging,0.3435,378,428
S33_4,4,ascending,converging,0.4688,384,431
S34_4,4,ascending,converging,0.4933,399,436
S35_4,4,ascending,converging,0.017,412,459
S36_4,4,descending,converging,0.5601,428,467
S37_4,4,descending,diverging,0.6405,431,472
S38_4,4,descending,converging,0.0946,436,480
S39_4,4,ascending,diverging,0.0175,459,487
S0_5,5,descending,converging,0.3589,7,63
S1_5,5,ascending,diverging,0.3742,30,73
S2_5,5,descending,converging,0.2824,32,79
S3_5,5,ascending,diverging,1.0388,38,82
S4_5,5,descending,diverging,0.219,59,104
S5_5,5,ascending,converging,0.3121,63,125
S6_5,5,descending,diverging,0.285,73,147
S7_5,5,ascending,diverging,0.9169,79,167
S8_5,5,ascending,converging,0.1072,82,172
S9_5,5,ascending,diverging,0.4785,104,180
S10_5,5,ascending,diverging,0.0948,125,199
S11_5,5,ascending,converging,0.3848,147,203
S12_5,5,ascending,diverging,0.5994,167,219
S13_5,5,ascending,converging,0.5968,172,220
S14_5,5,ascending,converging,0.1918,180,228
S15_5,5,ascending,converging,0.9614,199,235
S16_5,5,ascending,converging,0.2805,203,247
S17_5,5,ascending,diverging,0.4488,219,253
S18_5,5,descending,diverging,0.4625,220,268
S19_5,5,ascending,diverging,0.2941,228,284
S20_5,5,descending,converging,0.2791,235,292
S21_5,5,ascending,diverging,0.5655,247,323
S22_5,5,ascending,converging,0.271,253,333
S23_5,5,ascending,converging,1.0499,268,335
S24_5,5,ascending,diverging,0.3905,284,348
S25_5,5,ascending,converging,0.1846,292,353
S26_5,5,descending,diverging,1.2318,323,359
S27_5,5,ascending,diverging,0.9785,333,378
S28_5,5,ascending,converging,0.0053,335,384
S29_5,5,ascending,diverging,0.7692,348,399
S30_5,5,ascending,diverging,0.3566,353,412
S31_5,5,ascending,diverging,0.3342,359,428
S32_5,5,ascending,converging,0.0841,378,431
S33_5,5,ascending,converging,0.6277,384,436
S34_5,5,descending,diverging,0.1635,399,459
S35_5,5,ascending,converging,0.0738,412,467
S36_5,5,descending,diverging,0.7609,428,472
S37_5,5,ascending,diverging,0.0175,431,480
S38_5,5,descending,converging,0.2002,436,487
S0_6,6,descending,converging,0.1345,7,73
S1_6,6,descending,diverging,0.0638,30,79
S2_6,6,descending,converging,0.0899,32,82
S3_6,6,descending,diverging,0.3474,38,104
S4_6,6,ascending,diverging,0.3552,59,125
S5_6,6,ascending,converging,0.0987,63,147
S6_6,6,ascending,diverging,0.2273,73,167
S7_6,6,ascending,diverging,0.4628,79,172
S8_6,6,ascending,diverging,0.3541,82,180
S9_6,6,ascending,converging,0.2751,104,199
S10_6,6,ascending,converging,0.249,125,203
S11_6,6,ascending,converging,0.4734,147,219
S12_6,6,ascending,diverging,0.8025,167,220
S13_6,6,ascending,converging,0.3486,172,228
S14_6,6,ascending,converging,0.3394,180,235
S15_6,6,ascending,converging,0.5606,199,247
S16_6,6,ascending,converging,0.5275,203,253
S17_6,6,descending,diverging,0.1615,219,268
S18_6,6,descending,converging,0.1119,220,284
S19_6,6,ascending,converging,0.0134,228,292
S20_6,6,ascending,diverging,0.5024,235,323
S21_6,6,ascending,converging,0.4865,247,333
S22_6,6,ascending,converging,0.3305,253,335
S23_6,6,ascending,diverging,0.4954,268,348
S24_6,6,ascending,diverging,0.5886,284,353
S25_6,6,ascending,converging,0.1297,292,359
S26_6,6,ascending,diverging,1.1853,323,378
S27_6,6,ascending,diverging,0.2031,333,384
S28_6,6,ascending,converging,0.1665,335,399
S29_6,6,ascending,diverging,0.4169,348,412
S30_6,6,ascending,diverging,1.037,353,428
S31_6,6,ascending,converging,0.2143,359,431
S32_6,6,ascending,converging,0.2316,378,436
S33_6,6,ascending,diverging,0.0731,384,459
S34_6,6,descending,converging,0.0007,399,467
S35_6,6,descending,converging,0.0181,412,472
S36_6,6,descending,diverging,0.2219,428,480
S37_6,6,descending,diverging,0.301,431,487
S0_7,7,descending,converging,0.1906,7,79
S1_7,7,ascending,converging,0.1406,30,82
S2_7,7,descending,diverging,0.3322,32,104
S3_7,7,ascending,diverging,1.2165,38,125
S4_7,7,descending,diverging,0.001,59,147
S5_7,7,ascending,converging,0.2811,63,167
S6_7,7,ascending,converging,0.0287,73,172
S7_7,7,ascending,diverging,0.9495,79,180
S8_7,7,ascending,converging,0.1596,82,199
S9_7,7,ascending,converging,0.3391,104,203
S10_7,7,ascending,diverging,0.412,125,219
S11_7,7,ascending,converging,0.5362,147,220
S12_7,7,ascending,diverging,0.4122,167,228
S13_7,7,ascending,converging,0.4152,172,235
S14_7,7,ascending,converging,0.142,180,247
S15_7,7,ascending,diverging,0.8,199,253
S16_7,7,ascending,diverging,0.1203,203,268
S17_7,7,ascending,diverging,0.1449,219,284
S18_7,7,descending,converging,0.2581,220,292
S19_7,7,ascending,diverging,0.7125,228,323
S20_7,7,ascending,converging,0.417,235,333
S21_7,7,ascending,converging,0.5314,247,335
S22_7,7,ascending,diverging,0.0699,253,348
S23_7,7,ascending,converging,0.6021,268,353
S24_7,7,ascending,converging,0.3726,284,359
S25_7,7,ascending,converging,0.232,292,378
S26_7,7,ascending,diverging,0.1129,323,384
S27_7,7,ascending,diverging,0.6434,333,399
S28_7,7,ascending,converging,0.0345,335,412
S29_7,7,ascending,diverging,0.8297,348,428
S30_7,7,ascending,diverging,0.6311,353,431
S31_7,7,ascending,converging,0.2613,359,436
S32_7,7,descending,diverging,0.11,378,459
S33_7,7,ascending,converging,0.1786,384,467
S34_7,7,descending,diverging,0.2059,399,472
S35_7,7,ascending,converging,0.0918,412,480
S36_7,7,descending,diverging,0.435,428,487
