bar_index,event_id,fast_sequence_id,fast_n_legs,fast_trend,fast_shape,fast_efficiency,slow_sequence_id,slow_n_legs,slow_trend,slow_shape,slow_efficiency,slow_age_bars,trend_aligned,shape_aligned,potentiality_score
32,EV_32,S_fast_0_2,2,descending,converging,0.6588,,0,,,0.0,25,0,0,0.2
38,EV_38,S_fast_0_3,3,descending,converging,0.721,,0,,,0.0,31,0,0,0.2
41,EV_41,S_fast_0_4,4,descending,converging,0.5664,,0,,,0.0,34,0,0,0.0
52,EV_52,S_fast_0_5,5,descending,converging,0.609,,0,,,0.0,45,0,0,0.2
55,EV_55,S_fast_0_6,6,descending,converging,0.4072,,0,,,0.0,3,0,0,0.2
57,EV_57,S_fast_0_7,7,descending,converging,0.4371,,0,,,0.0,5,0,0,0.2
59,EV_59,S_fast_1_7,7,descending,diverging,2.1258,,0,,,0.0,7,0,0,0.4
63,EV_63,S_fast_2_7,7,descending,converging,0.4715,S_slow_0_2,2,descending,converging,0.2406,4,1,1,0.8
73,EV_73,S_fast_3_7,7,ascending,diverging,0.9074,S_slow_0_3,3,descending,converging,0.2651,10,0,0,0.3
74,EV_74,S_fast_4_7,7,ascending,converging,0.0125,S_slow_0_4,4,descending,converging,0.0988,1,0,1,0.4
82,EV_82,S_fast_5_7,7,ascending,converging,0.5111,S_slow_0_5,5,descending,converging,0.1398,3,0,1,0.4
85,EV_85,S_fast_6_7,7,ascending,diverging,0.0801,S_slow_0_5,5,descending,converging,0.1398,6,0,0,0.2
91,EV_91,S_fast_7_7,7,ascending,diverging,0.5709,S_slow_0_5,5,descending,converging,0.1398,12,0,0,0.1
95,EV_95,S_fast_8_7,7,descending,diverging,0.0663,S_slow_0_6,6,descending,converging,0.092,4,1,0,0.6
98,EV_98,S_fast_9_7,7,ascending,converging,0.1718,S_slow_0_6,6,descending,converging,0.092,7,0,1,0.4
104,EV_104,S_fast_10_7,7,descending,diverging,0.7416,S_slow_0_6,6,descending,converging,0.092,13,1,0,0.7
108,EV_108,S_fast_11_7,7,ascending,diverging,0.032,S_slow_0_7,7,descending,converging,0.133,4,0,0,0.2
111,EV_111,S_fast_12_7,7,descending,diverging,0.5108,S_slow_0_7,7,descending,converging,0.133,7,1,0,0.6
125,EV_125,S_fast_13_7,7,ascending,diverging,0.4615,S_slow_0_7,7,descending,converging,0.133,21,0,0,0.0
134,EV_134,S_fast_14_7,7,descending,diverging,0.139,S_slow_1_7,7,ascending,diverging,0.4407,9,0,1,0.4
135,EV_135,S_fast_15_7,7,ascending,converging,0.4981,S_slow_1_7,7,ascending,diverging,0.4407,10,1,0,0.5
139,EV_139,S_fast_16_7,7,descending,converging,0.0291,S_slow_1_7,7,ascending,diverging,0.4407,14,0,0,0.1
141,EV_141,S_fast_17_7,7,ascending,converging,0.4407,S_slow_1_7,7,ascending,diverging,0.4407,16,1,0,0.5
143,EV_143,S_fast_18_7,7,descending,converging,0.0337,S_slow_1_7,7,ascending,diverging,0.4407,18,0,0,0.1
145,EV_145,S_fast_19_7,7,ascending,converging,0.2207,S_slow_1_7,7,ascending,diverging,0.4407,20,1,0,0.4
147,EV_147,S_fast_20_7,7,descending,converging,0.4747,S_slow_1_7,7,ascending,diverging,0.4407,22,0,0,0.0
151,EV_151,S_fast_21_7,7,ascending,diverging,0.3267,S_slow_2_7,7,descending,diverging,0.001,4,0,1,0.4
152,EV_152,S_fast_22_7,7,descending,converging,0.4364,S_slow_2_7,7,descending,diverging,0.001,5,1,0,0.6
157,EV_157,S_fast_23_7,7,ascending,diverging,0.5419,S_slow_2_7,7,descending,diverging,0.001,10,0,1,0.3
160,EV_160,S_fast_24_7,7,descending,converging,0.2676,S_slow_2_7,7,descending,diverging,0.001,13,1,0,0.5
167,EV_167,S_fast_25_7,7,ascending,diverging,1.4577,S_slow_2_7,7,descending,diverging,0.001,20,0,1,0.4
172,EV_172,S_fast_26_7,7,ascending,diverging,0.2826,S_slow_3_7,7,ascending,converging,0.2688,5,1,0,0.6
180,EV_180,S_fast_27_7,7,ascending,diverging,1.5291,S_slow_3_7,7,ascending,converging,0.2688,13,1,0,0.7
182,EV_182,S_fast_28_7,7,ascending,diverging,1.444,S_slow_3_7,7,ascending,converging,0.2688,15,1,0,0.7
187,EV_187,S_fast_29_7,7,ascending,diverging,1.0588,S_slow_3_7,7,ascending,converging,0.2688,20,1,0,0.6
190,EV_190,S_fast_30_7,7,ascending,diverging,0.7318,S_slow_3_7,7,ascending,converging,0.2688,23,1,0,0.6
192,EV_192,S_fast_31_7,7,ascending,converging,0.37,S_slow_3_7,7,ascending,converging,0.2688,25,1,1,0.6
199,EV_199,S_fast_32_7,7,descending,converging,0.0708,S_slow_3_7,7,ascending,converging,0.2688,32,0,1,0.2
203,EV_203,S_fast_33_7,7,ascending,converging,0.2519,S_slow_4_7,7,ascending,converging,0.1643,4,1,1,0.8
205,EV_205,S_fast_34_7,7,descending,diverging,0.5221,S_slow_4_7,7,ascending,converging,0.1643,6,0,0,0.2
213,EV_213,S_fast_35_7,7,ascending,diverging,0.8445,S_slow_4_7,7,ascending,converging,0.1643,14,1,0,0.7
219,EV_219,S_fast_36_7,7,ascending,converging,0.2966,S_slow_4_7,7,ascending,converging,0.1643,20,1,1,0.6
220,EV_220,S_fast_37_7,7,ascending,diverging,2.0837,S_slow_4_7,7,ascending,converging,0.1643,21,1,0,0.6
224,EV_224,S_fast_38_7,7,ascending,diverging,0.545,S_slow_5_7,7,ascending,diverging,1.0235,4,1,1,0.8
235,EV_235,S_fast_39_7,7,ascending,converging,0.7198,S_slow_6_7,7,ascending,converging,0.3327,7,1,1,1.0
240,EV_240,S_fast_40_7,7,ascending,converging,0.4799,S_slow_7_7,7,ascending,converging,0.534,5,1,1,0.8
243,EV_243,S_fast_41_7,7,ascending,converging,0.3107,S_slow_7_7,7,ascending,converging,0.534,8,1,1,0.8
247,EV_247,S_fast_42_7,7,descending,diverging,0.4712,S_slow_7_7,7,ascending,converging,0.534,12,0,0,0.1
253,EV_253,S_fast_43_7,7,ascending,diverging,0.412,S_slow_8_7,7,ascending,converging,0.3939,6,1,0,0.6
255,EV_255,S_fast_44_7,7,descending,converging,0.1578,S_slow_8_7,7,ascending,converging,0.3939,8,0,1,0.4
259,EV_259,S_fast_45_7,7,ascending,converging,0.738,S_slow_8_7,7,ascending,converging,0.3939,12,1,1,0.9
268,EV_268,S_fast_46_7,7,descending,diverging,0.605,S_slow_9_7,7,ascending,converging,0.5545,9,0,0,0.4
270,EV_270,S_fast_47_7,7,ascending,diverging,0.0315,S_slow_10_7,7,ascending,diverging,1.0805,2,1,1,0.8
280,EV_280,S_fast_48_7,7,descending,converging,0.365,S_slow_10_7,7,ascending,diverging,1.0805,12,0,0,0.1
284,EV_284,S_fast_49_7,7,ascending,converging,0.1936,S_slow_10_7,7,ascending,diverging,1.0805,16,1,0,0.5
292,EV_292,S_fast_50_7,7,descending,diverging,0.9267,S_slow_11_7,7,ascending,converging,0.175,8,0,0,0.4
299,EV_299,S_fast_51_7,7,ascending,diverging,0.0837,S_slow_12_7,7,descending,converging,0.2556,7,0,0,0.2
301,EV_301,S_fast_52_7,7,descending,converging,0.1944,S_slow_12_7,7,descending,converging,0.2556,9,1,1,0.8
323,EV_323,S_fast_53_7,7,ascending,diverging,1.8582,S_slow_12_7,7,descending,converging,0.2556,31,0,0,0.2
333,EV_333,S_fast_54_7,7,ascending,converging,1.6007,S_slow_12_7,7,descending,converging,0.2556,41,0,1,0.4
335,EV_335,S_fast_55_7,7,ascending,converging,1.0834,S_slow_12_7,7,descending,converging,0.2556,43,0,1,0.4
348,EV_348,S_fast_56_7,7,ascending,diverging,0.3462,S_slow_13_7,7,ascending,diverging,0.7182,13,1,1,0.7
353,EV_353,S_fast_57_7,7,ascending,converging,0.5785,S_slow_14_7,7,ascending,diverging,0.179,5,1,0,0.6
359,EV_359,S_fast_58_7,7,ascending,diverging,0.5791,S_slow_15_7,7,ascending,converging,0.331,6,1,0,0.6
367,EV_367,S_fast_59_7,7,ascending,converging,0.1763,S_slow_16_7,7,ascending,converging,0.0824,8,1,1,0.8
370,EV_370,S_fast_60_7,7,descending,diverging,0.3963,S_slow_16_7,7,ascending,converging,0.0824,11,0,0,0.1
378,EV_378,S_fast_61_7,7,ascending,diverging,0.8395,S_slow_16_7,7,ascending,converging,0.0824,19,1,0,0.7
384,EV_384,S_fast_62_7,7,ascending,converging,0.0046,S_slow_17_7,7,ascending,diverging,0.7965,6,1,0,0.6
388,EV_388,S_fast_63_7,7,ascending,diverging,0.6076,S_slow_18_7,7,ascending,diverging,0.5236,4,1,1,1.0
392,EV_392,S_fast_64_7,7,ascending,converging,0.3886,S_slow_18_7,7,ascending,diverging,0.5236,8,1,0,0.6
395,EV_395,S_fast_65_7,7,ascending,converging,0.5144,S_slow_18_7,7,ascending,diverging,0.5236,11,1,0,0.5
396,EV_396,S_fast_66_7,7,ascending,diverging,0.5633,S_slow_18_7,7,ascending,diverging,0.5236,12,1,1,0.7
399,EV_399,S_fast_67_7,7,ascending,converging,0.2499,S_slow_18_7,7,ascending,diverging,0.5236,15,1,0,0.5
407,EV_407,S_fast_68_7,7,descending,converging,0.2086,S_slow_19_7,7,ascending,converging,0.1714,8,0,1,0.4
410,EV_410,S_fast_69_7,7,ascending,converging,0.3937,S_slow_19_7,7,ascending,converging,0.1714,11,1,1,0.7
412,EV_412,S_fast_70_7,7,descending,diverging,0.4934,S_slow_19_7,7,ascending,converging,0.1714,13,0,0,0.1
428,EV_428,S_fast_71_7,7,ascending,diverging,0.9478,S_slow_20_7,7,ascending,converging,0.0345,16,1,0,0.7
431,EV_431,S_fast_72_7,7,ascending,diverging,0.3356,S_slow_21_7,7,ascending,diverging,0.8297,3,1,1,0.8
436,EV_436,S_fast_73_7,7,ascending,diverging,0.9458,S_slow_22_7,7,ascending,diverging,0.6311,5,1,1,1.0
438,EV_438,S_fast_74_7,7,ascending,converging,0.2708,S_slow_23_7,7,ascending,converging,0.2613,2,1,1,0.8
461,EV_461,S_fast_75_7,7,ascending,diverging,0.2285,S_slow_24_7,7,descending,diverging,0.11,2,0,1,0.4
465,EV_465,S_fast_76_7,7,descending,converging,0.0551,S_slow_24_7,7,descending,diverging,0.11,6,1,0,0.6
467,EV_467,S_fast_77_7,7,ascending,converging,0.0828,S_slow_24_7,7,descending,diverging,0.11,8,0,0,0.2
472,EV_472,S_fast_78_7,7,descending,diverging,0.876,S_slow_25_7,7,ascending,converging,0.1786,5,0,0,0.4
480,EV_480,S_fast_79_7,7,ascending,diverging,0.0198,S_slow_26_7,7,descending,diverging,0.2059,8,0,1,0.4
487,EV_487,S_fast_80_7,7,descending,diverging,0.9331,S_slow_27_7,7,ascending,converging,0.0918,7,0,0,0.4
495,EV_495,S_fast_81_7,7,descending,diverging,0.046,S_slow_28_7,7,descending,diverging,0.435,8,1,1,0.8
